{
    "Version": "2012-10-17",
    "Statement": [
        {
            "Sid": "ConsoleAccess",
            "Effect": "Allow",
            "Action": "s3:GetBucketLocation",
            "Resource": "*"
        },
        {
            "Sid": "ListObjectsInBucket",
            "Effect": "Allow",
            "Action": "s3:ListBucket",
            "Resource": [
                "arn:aws:s3:::*"
            ]
        },
        {
            "Sid": "AllObjectActions",
            "Effect": "Allow",
            "Action": "s3:*Object",
            "Resource": [
                "arn:aws:s3:::*"
            ]
        },
        {
            "Sid": "GetObjectVersion",
            "Effect": "Allow",
            "Action": "s3:GetObjectVersion",
            "Resource": [
                "arn:aws:s3:::*"
            ]
        },
        {
            "Sid": "Custom",
            "Effect": "Allow",
            "Action": [
                "lambda:InvokeFunction"
            ],
            "Resource": [
                "*"
            ]
        },
        {
            "Sid": "Tag",
            "Effect": "Allow",
            "Action": [
                "s3:PutObjectTagging",
                "s3:PutObjectVersionTagging"
            ],
            "Resource": [
                "arn:aws:s3:::*"
            ]
        }
    ]
}