{
    "Version": "2012-10-17",
    "Statement": [
        {
            "Sid": "VisualEditor0",
            "Effect": "Allow",
            "Action": [
                "transfer:TestIdentityProvider",
                "transfer:DescribeExecution",
                "transfer:TagResource",
                "transfer:ListServers",
                "transfer:ListWorkflows",
                "transfer:SendWorkflowStepState",
                "transfer:DescribeAccess",
                "transfer:UntagResource",
                "transfer:DescribeServer",
                "transfer:DescribeUser",
                "transfer:ListExecutions",
                "transfer:DescribeWorkflow",
                "transfer:DescribeSecurityPolicy",
                "transfer:ListUsers",
                "transfer:ListSecurityPolicies",
                "transfer:ListAccesses",
                "transfer:ListTagsForResource"
            ],
            "Resource": "*"
        }
    ]
}